{"stats":{"minecraft:used":{"minecraft:leather_leggings":1,"minecraft:ender_pearl":9,"minecraft:lime_shulker_box":1,"minecraft:diamond_leggings":1},"minecraft:dropped":{"minecraft:water_bucket":2,"minecraft:blue_shulker_box":1,"minecraft:repeating_command_block":64,"minecraft:red_shulker_box":1,"minecraft:lime_shulker_box":3,"minecraft:sticky_piston":64,"minecraft:yellow_shulker_box":1,"minecraft:deepslate_brick_slab":11,"minecraft:bow":5,"minecraft:red_stained_glass":1,"minecraft:grass_block":19},"minecraft:killed_by":{"minecraft:player":10,"minecraft:pillager":20},"minecraft:mined":{"minecraft:red_stained_glass":1,"minecraft:tripwire":1},"minecraft:custom":{"minecraft:time_since_rest":67,"minecraft:sprint_one_cm":151332,"minecraft:open_enderchest":5,"minecraft:damage_taken":19791,"minecraft:walk_one_cm":770273,"minecraft:drop":172,"minecraft:play_noteblock":1,"minecraft:tune_noteblock":23,"minecraft:fly_one_cm":794276,"minecraft:crouch_one_cm":14794,"minecraft:open_shulker_box":1,"minecraft:play_time":89584,"minecraft:deaths":69,"minecraft:sneak_time":4750,"minecraft:walk_under_water_one_cm":14796,"minecraft:jump":479,"minecraft:leave_game":4,"minecraft:walk_on_water_one_cm":41040,"minecraft:time_since_death":23,"minecraft:total_world_time":89584,"minecraft:damage_resisted":256,"minecraft:fall_one_cm":71611},"minecraft:picked_up":{"minecraft:lime_shulker_box":3,"minecraft:sponge":4,"minecraft:yellow_shulker_box":1,"minecraft:orange_shulker_box":1,"minecraft:stripped_warped_hyphae":1,"minecraft:water_bucket":3,"minecraft:grass_block":20,"minecraft:white_banner":2,"minecraft:sticky_piston":128,"minecraft:red_stained_glass":2,"minecraft:repeating_command_block":128,"minecraft:red_shulker_box":2,"minecraft:bow":6,"minecraft:diamond_leggings":1,"minecraft:deepslate_brick_slab":128,"minecraft:blue_shulker_box":1}},"DataVersion":2730}