{"stats":{"minecraft:killed":{"minecraft:shulker":36,"minecraft:wither":1,"minecraft:cat":8,"minecraft:elder_guardian":24,"minecraft:ender_dragon":1,"minecraft:creeper":5,"minecraft:pillager":2,"minecraft:enderman":1},"minecraft:crafted":{"minecraft:oak_planks":76,"minecraft:heavy_weighted_pressure_plate":35,"minecraft:written_book":3,"minecraft:chest":2,"minecraft:crafting_table":8,"minecraft:stick":28,"minecraft:iron_ingot":54,"minecraft:iron_trapdoor":35,"minecraft:oak_fence_gate":7},"minecraft:used":{"minecraft:nether_brick_fence":3,"minecraft:orange_dye":7,"minecraft:polished_granite_stairs":10,"minecraft:light_gray_dye":1,"minecraft:writable_book":2,"minecraft:light_gray_stained_glass_pane":39,"minecraft:dispenser":63,"minecraft:polished_blackstone":114,"minecraft:ladder":9,"minecraft:elytra":7,"minecraft:oak_sign":304,"minecraft:black_carpet":1,"minecraft:chest":157,"minecraft:stone":8,"minecraft:white_shulker_box":4,"minecraft:warped_sign":359,"minecraft:quartz_stairs":11,"minecraft:farmland":40,"minecraft:stripped_crimson_stem":5,"minecraft:soul_sand":169,"minecraft:carrot":618,"minecraft:deepslate_brick_slab":4,"minecraft:acacia_button":1,"minecraft:milk_bucket":2,"minecraft:obsidian":5221,"minecraft:polished_blackstone_slab":278,"minecraft:glass":249,"minecraft:honey_block":89,"minecraft:lava_bucket":196,"minecraft:warped_hyphae":8,"minecraft:grass_block":403,"minecraft:lantern":5,"minecraft:orange_shulker_box":11,"minecraft:netherite_hoe":2,"minecraft:hopper_minecart":124,"minecraft:stone_bricks":127,"minecraft:bedrock":185,"minecraft:item_frame":4,"minecraft:netherite_boots":1,"minecraft:birch_trapdoor":4,"minecraft:repeater":271,"minecraft:dolphin_spawn_egg":30,"minecraft:redstone_lamp":126,"minecraft:bow":18,"minecraft:magma_block":8,"minecraft:scaffolding":2,"minecraft:blue_shulker_box":4,"minecraft:polished_diorite_stairs":6,"minecraft:gold_block":84,"minecraft:polished_blackstone_stairs":244,"minecraft:magenta_shulker_box":7,"minecraft:mossy_stone_bricks":14,"minecraft:end_rod":1,"minecraft:dropper":30,"minecraft:wither_skeleton_skull":3,"minecraft:elder_guardian_spawn_egg":6,"minecraft:red_stained_glass":106,"minecraft:chorus_fruit":67,"minecraft:powered_rail":52,"minecraft:blackstone":1,"minecraft:ender_pearl":1442,"minecraft:redstone_block":217,"minecraft:composter":11,"minecraft:structure_void":2,"minecraft:blue_bed":4,"minecraft:smooth_quartz_stairs":2,"minecraft:respawn_anchor":1,"minecraft:golden_apple":8,"minecraft:blue_dye":1,"minecraft:light_blue_concrete":13,"minecraft:yellow_concrete":18,"minecraft:crossbow":8,"minecraft:cyan_dye":34,"minecraft:sponge":13,"minecraft:note_block":1596,"minecraft:lingering_potion":2,"minecraft:shulker_spawn_egg":58,"minecraft:black_concrete_powder":38,"minecraft:end_stone":60,"minecraft:deepslate_brick_stairs":27,"minecraft:creeper_spawn_egg":17,"minecraft:birch_fence":7,"minecraft:redstone_torch":300,"minecraft:deepslate_tiles":29,"minecraft:sticky_piston":1259,"minecraft:lever":138,"minecraft:black_concrete":2,"minecraft:firework_rocket":72,"minecraft:daylight_detector":3,"minecraft:crying_obsidian":8092,"minecraft:birch_slab":26,"minecraft:heavy_weighted_pressure_plate":36,"minecraft:stone_button":70,"minecraft:cyan_bed":4,"minecraft:string":525,"minecraft:warped_slab":59,"minecraft:spore_blossom":1,"minecraft:oak_pressure_plate":2,"minecraft:cat_spawn_egg":7,"minecraft:soul_lantern":5,"minecraft:stripped_warped_hyphae":35,"minecraft:diamond_sword":3,"minecraft:white_stained_glass":49,"minecraft:chain":8,"minecraft:smooth_stone_slab":15,"minecraft:oak_boat":9,"minecraft:white_concrete":9,"minecraft:bone_meal":1,"minecraft:cobweb":3,"minecraft:oak_fence":3,"minecraft:oak_trapdoor":2,"minecraft:petrified_oak_slab":3,"minecraft:trident":125,"minecraft:netherite_sword":70,"minecraft:iron_bars":49,"minecraft:enchanting_table":72,"minecraft:crimson_fence":1,"minecraft:orange_concrete":9,"minecraft:flint_and_steel":59,"minecraft:red_concrete":43,"minecraft:armor_stand":7,"minecraft:redstone":1742,"minecraft:stripped_warped_stem":11,"minecraft:tinted_glass":25,"minecraft:ender_chest":107,"minecraft:stripped_birch_wood":3,"minecraft:netherrack":5,"minecraft:orange_bed":4,"minecraft:anvil":37,"minecraft:spyglass":14,"minecraft:dirt":158,"minecraft:target":15,"minecraft:ancient_debris":251,"minecraft:light_blue_dye":2,"minecraft:hopper":60,"minecraft:prismarine_bricks":93,"minecraft:crimson_hyphae":11,"minecraft:stone_stairs":26,"minecraft:nether_brick_slab":1,"minecraft:shulker_box":25,"minecraft:warped_pressure_plate":2,"minecraft:blue_concrete":245,"minecraft:oak_fence_gate":23,"minecraft:polished_diorite":9,"minecraft:shroomlight":57,"minecraft:andesite_wall":21,"minecraft:red_shulker_box":12,"minecraft:wooden_axe":9,"minecraft:sea_lantern":231,"minecraft:light_gray_stained_glass":10,"minecraft:gray_dye":1,"minecraft:iron_block":137,"minecraft:light_weighted_pressure_plate":2,"minecraft:slime_block":111,"minecraft:warped_fence":16,"minecraft:crimson_slab":96,"minecraft:smooth_quartz":5,"minecraft:lime_dye":4,"minecraft:crimson_planks":43,"minecraft:barrel":56,"minecraft:tripwire_hook":57,"minecraft:glowstone":3,"minecraft:lime_concrete":43,"minecraft:warped_stairs":64,"minecraft:soul_soil":492,"minecraft:iron_trapdoor":417,"minecraft:wolf_spawn_egg":1,"minecraft:black_dye":1,"minecraft:lime_stained_glass":1,"minecraft:deepslate_tile_stairs":4,"minecraft:minecart":1,"minecraft:netherite_pickaxe":8,"minecraft:cobbled_deepslate":8,"minecraft:enchanted_golden_apple":27,"minecraft:crimson_pressure_plate":1,"minecraft:stone_pressure_plate":17,"minecraft:red_dye":7,"minecraft:observer":2672,"minecraft:powder_snow_bucket":1,"minecraft:magenta_dye":1,"minecraft:crimson_stem":15,"minecraft:water_bucket":1273,"minecraft:warped_stem":31,"minecraft:light_blue_shulker_box":13,"minecraft:birch_planks":1,"minecraft:yellow_shulker_box":32,"minecraft:lead":1,"minecraft:lime_wool":6,"minecraft:black_shulker_box":11,"minecraft:spruce_sign":8,"minecraft:cauldron":15,"minecraft:white_dye":1,"minecraft:beacon":3,"minecraft:glow_ink_sac":56,"minecraft:cracked_stone_bricks":17,"minecraft:deepslate_bricks":58,"minecraft:conduit":3,"minecraft:polished_blackstone_bricks":115,"minecraft:crimson_trapdoor":8,"minecraft:vine":98,"minecraft:diamond_block":261,"minecraft:rail":10,"minecraft:polished_blackstone_pressure_plate":37,"minecraft:glow_item_frame":4,"minecraft:lime_bed":12,"minecraft:polished_deepslate_slab":7,"minecraft:tnt":13,"minecraft:crafting_table":15,"minecraft:comparator":53,"minecraft:oak_slab":11,"minecraft:red_bed":2,"minecraft:green_dye":9,"minecraft:white_bed":49,"minecraft:lime_shulker_box":16,"minecraft:painting":37,"minecraft:warped_planks":98,"minecraft:flower_pot":6,"minecraft:netherite_block":1031,"minecraft:yellow_dye":1,"minecraft:piston":386,"minecraft:wooden_hoe":1,"minecraft:ender_eye":12,"minecraft:diamond_pickaxe":11,"minecraft:activator_rail":1,"minecraft:warped_trapdoor":53,"minecraft:command_block":9,"minecraft:oak_button":5,"minecraft:tnt_minecart":233,"minecraft:netherite_axe":130,"minecraft:detector_rail":2,"minecraft:spruce_trapdoor":3,"minecraft:yellow_wool":5,"minecraft:crimson_sign":17,"minecraft:fishing_rod":10,"minecraft:cobblestone":47,"minecraft:potion":4,"minecraft:azalea_leaves":12,"minecraft:end_crystal":2,"minecraft:stripped_crimson_hyphae":4,"minecraft:crimson_stairs":13,"minecraft:warped_fence_gate":1,"minecraft:bucket":14,"minecraft:chain_command_block":19,"minecraft:pumpkin_pie":30,"minecraft:yellow_bed":12,"minecraft:repeating_command_block":1,"minecraft:sea_pickle":35,"minecraft:end_portal_frame":12,"minecraft:polished_blackstone_button":32,"minecraft:splash_potion":500,"minecraft:birch_stairs":30,"minecraft:smooth_stone":336,"minecraft:soul_torch":1,"minecraft:chainmail_leggings":11},"minecraft:dropped":{"minecraft:shulker_spawn_egg":6,"minecraft:blue_shulker_box":1,"minecraft:daylight_detector":1,"minecraft:piston":5,"minecraft:soul_sand":131,"minecraft:oak_log":2,"minecraft:ender_pearl":298,"minecraft:spore_blossom":1,"minecraft:lime_shulker_box":9,"minecraft:crossbow":2,"minecraft:glow_item_frame":3,"minecraft:stripped_warped_hyphae":1,"minecraft:red_shulker_box":1,"minecraft:polished_blackstone_pressure_plate":2,"minecraft:stone_button":66,"minecraft:dispenser":4,"minecraft:tnt_minecart":14,"minecraft:netherite_boots":9,"minecraft:black_shulker_box":19,"minecraft:pumpkin_pie":1,"minecraft:sand":1,"minecraft:polished_blackstone_slab":1,"minecraft:cauldron":1,"minecraft:gravel":2,"minecraft:note_block":73,"minecraft:ancient_debris":2,"minecraft:diamond_block":64,"minecraft:lever":131,"minecraft:netherite_sword":2,"minecraft:obsidian":164,"minecraft:birch_wood":64,"minecraft:enchanted_golden_apple":1024,"minecraft:netherite_shovel":3,"minecraft:warped_sign":3,"minecraft:white_bed":8,"minecraft:carrot":18,"minecraft:lime_bed":1,"minecraft:sea_lantern":1,"minecraft:oak_wood":435,"minecraft:honey_block":67,"minecraft:hopper":2,"minecraft:lingering_potion":1,"minecraft:chest":65,"minecraft:glass":6,"minecraft:chain_command_block":2,"minecraft:crying_obsidian":484,"minecraft:written_book":54,"minecraft:splash_potion":3,"minecraft:firework_rocket":1,"minecraft:water_bucket":7,"minecraft:iron_ingot":18,"minecraft:orange_shulker_box":123,"minecraft:netherite_pickaxe":3,"minecraft:bookshelf":192,"minecraft:diamond_leggings":1,"minecraft:netherite_chestplate":7,"minecraft:netherite_axe":4,"minecraft:netherite_helmet":12,"minecraft:cobblestone":11,"minecraft:andesite_wall":67,"minecraft:observer":73,"minecraft:apple":320,"minecraft:red_stained_glass":2,"minecraft:polished_blackstone_button":1,"minecraft:grass_block":171,"minecraft:polished_blackstone_stairs":66,"minecraft:lava_bucket":4,"minecraft:cobweb":2,"minecraft:iron_block":385,"minecraft:milk_bucket":5,"minecraft:iron_trapdoor":72,"minecraft:sponge":4,"minecraft:repeater":7,"minecraft:wooden_axe":1,"minecraft:yellow_shulker_box":9,"minecraft:potion":2,"minecraft:chainmail_leggings":2,"minecraft:string":65,"minecraft:bucket":3,"minecraft:magenta_shulker_box":3,"minecraft:lapis_block":194,"minecraft:redstone_block":128,"minecraft:redstone":204,"minecraft:anvil":1,"minecraft:soul_soil":1,"minecraft:sticky_piston":67,"minecraft:composter":66,"minecraft:blue_concrete":1,"minecraft:comparator":66,"minecraft:slime_block":64,"minecraft:damaged_anvil":1,"minecraft:name_tag":2,"minecraft:ender_eye":1,"minecraft:white_shulker_box":3,"minecraft:netherite_leggings":10,"minecraft:flint_and_steel":9,"minecraft:target":2,"minecraft:diamond_sword":1,"minecraft:shield":2,"minecraft:sea_pickle":3,"minecraft:black_concrete_powder":2,"minecraft:spruce_trapdoor":5,"minecraft:netherite_block":839,"minecraft:oak_boat":2,"minecraft:redstone_torch":456,"minecraft:gray_concrete_powder":1,"minecraft:bow":2,"minecraft:light_blue_shulker_box":5},"minecraft:killed_by":{"minecraft:pillager":3,"minecraft:shulker":1},"minecraft:mined":{"minecraft:black_shulker_box":3,"minecraft:obsidian":6,"minecraft:grass_block":9,"minecraft:tripwire":403,"minecraft:piston_head":4,"minecraft:netherite_block":1,"minecraft:note_block":1,"minecraft:chest":4,"minecraft:cobblestone":11,"minecraft:slime_block":18,"minecraft:lime_shulker_box":2,"minecraft:seagrass":1,"minecraft:repeater":1,"minecraft:black_concrete_powder":10,"minecraft:oak_fence_gate":7,"minecraft:dirt":5,"minecraft:piston":6,"minecraft:lever":2,"minecraft:redstone_wire":2,"minecraft:warped_wall_sign":1,"minecraft:yellow_shulker_box":3,"minecraft:soul_sand":2,"minecraft:crafting_table":4,"minecraft:honey_block":3,"minecraft:structure_void":1,"minecraft:lime_bed":1,"minecraft:redstone_torch":4,"minecraft:iron_trapdoor":1},"minecraft:custom":{"minecraft:interact_with_crafting_table":12,"minecraft:open_barrel":141,"minecraft:open_shulker_box":314,"minecraft:leave_game":105,"minecraft:time_since_death":51013,"minecraft:damage_resisted":2479,"minecraft:sprint_one_cm":1158681,"minecraft:drop":775,"minecraft:play_noteblock":14,"minecraft:play_time":5691495,"minecraft:deaths":224,"minecraft:jump":12324,"minecraft:walk_on_water_one_cm":1750514,"minecraft:sleep_in_bed":49,"minecraft:open_enderchest":42,"minecraft:damage_dealt":17267,"minecraft:interact_with_beacon":3,"minecraft:player_kills":10,"minecraft:crouch_one_cm":288998,"minecraft:inspect_dispenser":110,"minecraft:inspect_dropper":90,"minecraft:mob_kills":80,"minecraft:interact_with_anvil":23,"minecraft:inspect_hopper":84,"minecraft:fill_cauldron":14,"minecraft:climb_one_cm":2460,"minecraft:walk_one_cm":3066312,"minecraft:sneak_time":282329,"minecraft:walk_under_water_one_cm":1117210,"minecraft:boat_one_cm":2325,"minecraft:total_world_time":5691495,"minecraft:tune_noteblock":2020,"minecraft:pot_flower":4,"minecraft:time_since_rest":51059,"minecraft:damage_taken":53035,"minecraft:damage_absorbed":3694,"minecraft:minecart_one_cm":621,"minecraft:swim_one_cm":817928,"minecraft:fly_one_cm":32480458,"minecraft:open_chest":570,"minecraft:aviate_one_cm":1063549,"minecraft:fish_caught":4,"minecraft:fall_one_cm":141046},"minecraft:picked_up":{"minecraft:wooden_axe":6,"minecraft:prismarine_shard":40,"minecraft:redstone_block":137,"minecraft:ender_chest":4,"minecraft:iron_trapdoor":209,"minecraft:anvil":4,"minecraft:lead":1,"minecraft:potion":13,"minecraft:blue_concrete":6,"minecraft:lapis_block":1028,"minecraft:string":490,"minecraft:soul_soil":11,"minecraft:sticky_piston":323,"minecraft:armor_stand":66,"minecraft:pufferfish":1,"minecraft:experience_bottle":448,"minecraft:oak_sign":74,"minecraft:sea_pickle":79,"minecraft:activator_rail":64,"minecraft:black_shulker_box":29,"minecraft:tnt_minecart":30,"minecraft:gold_nugget":1,"minecraft:comparator":138,"minecraft:bucket":12,"minecraft:light_weighted_pressure_plate":197,"minecraft:redstone_torch":683,"minecraft:written_book":54,"minecraft:enchanted_golden_apple":4087,"minecraft:crimson_sign":1,"minecraft:tipped_arrow":2048,"minecraft:orange_shulker_box":203,"minecraft:polished_blackstone_stairs":69,"minecraft:composter":131,"minecraft:oak_fence":64,"minecraft:netherite_shovel":16,"minecraft:target":17,"minecraft:shulker_spawn_egg":24,"minecraft:warped_pressure_plate":1,"minecraft:end_crystal":2,"minecraft:cauldron":5,"minecraft:orange_bed":1,"minecraft:andesite_wall":131,"minecraft:rotten_flesh":1,"minecraft:iron_block":1354,"minecraft:end_rod":1,"minecraft:bookshelf":1268,"minecraft:netherite_chestplate":60,"minecraft:obsidian":608,"minecraft:cod":21,"minecraft:cobblestone":73,"minecraft:enchanting_table":21,"minecraft:repeater":110,"minecraft:water_bucket":23,"minecraft:netherite_leggings":62,"minecraft:dirt":18,"minecraft:lantern":4,"minecraft:gray_concrete_powder":2,"minecraft:name_tag":7,"minecraft:glass":2,"minecraft:bow":29,"minecraft:deepslate_brick_slab":22,"minecraft:birch_wood":64,"minecraft:grindstone":17,"minecraft:netherite_axe":35,"minecraft:oak_planks":64,"minecraft:dropper":64,"minecraft:polished_blackstone_slab":2,"minecraft:sand":1,"minecraft:light_blue_shulker_box":12,"minecraft:grass_block":251,"minecraft:cyan_bed":5,"minecraft:diamond_block":1070,"minecraft:spectral_arrow":256,"minecraft:shulker_box":108,"minecraft:barrel":6,"minecraft:netherite_block":2529,"minecraft:dispenser":70,"minecraft:black_concrete_powder":13,"minecraft:slime_block":274,"minecraft:netherite_helmet":66,"minecraft:polished_blackstone_pressure_plate":6,"minecraft:soul_lantern":8,"minecraft:lever":296,"minecraft:polished_blackstone_button":9,"minecraft:crossbow":19,"minecraft:bone_meal":3,"minecraft:golden_apple":63,"minecraft:spruce_sign":4,"minecraft:chorus_fruit":33,"minecraft:lingering_potion":1,"minecraft:fishing_rod":27,"minecraft:crafting_table":4,"minecraft:splash_potion":41,"minecraft:redstone_lamp":201,"minecraft:gold_block":1088,"minecraft:chain":1,"minecraft:shield":27,"minecraft:elytra":3,"minecraft:flint_and_steel":38,"minecraft:item_frame":1,"minecraft:respawn_anchor":64,"minecraft:netherite_sword":51,"minecraft:oak_boat":6,"minecraft:observer":233,"minecraft:blue_shulker_box":3,"minecraft:chest":72,"minecraft:piston":77,"minecraft:spruce_trapdoor":2,"minecraft:lime_shulker_box":20,"minecraft:glow_item_frame":67,"minecraft:note_block":107,"minecraft:fire_charge":1099,"minecraft:stone_button":8,"minecraft:magenta_shulker_box":8,"minecraft:trident":18,"minecraft:carrot":995,"minecraft:redstone":613,"minecraft:netherite_pickaxe":30,"minecraft:prismarine_crystals":13,"minecraft:tnt":3333,"minecraft:arrow":64,"minecraft:repeating_command_block":64,"minecraft:red_shulker_box":9,"minecraft:pumpkin_pie":1730,"minecraft:warped_sign":60,"minecraft:totem_of_undying":107,"minecraft:white_shulker_box":5,"minecraft:rail":64,"minecraft:wet_sponge":24,"minecraft:netherite_boots":73,"minecraft:lime_bed":2,"minecraft:yellow_shulker_box":33,"minecraft:golden_carrot":1868,"minecraft:tripwire_hook":21,"minecraft:oak_log":66,"minecraft:lily_pad":1,"minecraft:ancient_debris":4,"minecraft:yellow_bed":7,"minecraft:gunpowder":3,"minecraft:blue_bed":1,"minecraft:white_banner":8,"minecraft:apple":1399,"minecraft:creeper_spawn_egg":3,"minecraft:spore_blossom":2,"minecraft:oak_fence_gate":74,"minecraft:cobweb":3,"minecraft:soul_sand":197,"minecraft:oak_slab":128,"minecraft:milk_bucket":43,"minecraft:daylight_detector":1,"minecraft:gravel":2,"minecraft:lava_bucket":32,"minecraft:white_bed":45,"minecraft:crying_obsidian":936,"minecraft:sea_lantern":4,"minecraft:oak_wood":1409,"minecraft:firework_rocket":1451,"minecraft:red_stained_glass":5,"minecraft:honey_block":138,"minecraft:chainmail_leggings":117,"minecraft:damaged_anvil":2,"minecraft:netherite_hoe":4,"minecraft:hopper":71,"minecraft:ender_pearl":1257,"minecraft:shulker_shell":14}},"DataVersion":2730}