{"stats":{"minecraft:mined":{"minecraft:tripwire":1},"minecraft:custom":{"minecraft:time_since_rest":6937,"minecraft:crouch_one_cm":525,"minecraft:deaths":20,"minecraft:sprint_one_cm":49541,"minecraft:play_time":56910,"minecraft:open_enderchest":4,"minecraft:damage_taken":5459,"minecraft:walk_one_cm":72151,"minecraft:sneak_time":1616,"minecraft:walk_under_water_one_cm":2512,"minecraft:drop":7,"minecraft:jump":336,"minecraft:leave_game":3,"minecraft:walk_on_water_one_cm":11395,"minecraft:time_since_death":6873,"minecraft:total_world_time":56910,"minecraft:play_noteblock":1,"minecraft:fall_one_cm":1264,"minecraft:tune_noteblock":18,"minecraft:fly_one_cm":485814},"minecraft:picked_up":{"minecraft:lime_shulker_box":1,"minecraft:orange_shulker_box":1,"minecraft:yellow_shulker_box":1,"minecraft:red_shulker_box":2,"minecraft:diamond_leggings":1,"minecraft:grass_block":3,"minecraft:blue_shulker_box":1},"minecraft:used":{"minecraft:leather_leggings":1,"minecraft:ender_pearl":9,"minecraft:diamond_leggings":1},"minecraft:killed_by":{"minecraft:player":1},"minecraft:dropped":{"minecraft:red_shulker_box":1,"minecraft:blue_shulker_box":1,"minecraft:grass_block":3,"minecraft:lime_shulker_box":1,"minecraft:yellow_shulker_box":1}},"DataVersion":2730}