{"stats":{"minecraft:dropped":{"minecraft:water_bucket":1,"minecraft:daylight_detector":1,"minecraft:ender_pearl":17,"minecraft:lime_shulker_box":3,"minecraft:polished_blackstone_pressure_plate":1,"minecraft:yellow_shulker_box":1,"minecraft:black_shulker_box":3,"minecraft:obsidian":77,"minecraft:comparator":1,"minecraft:white_shulker_box":1,"minecraft:netherite_block":512,"minecraft:redstone_torch":2,"minecraft:glass":6},"minecraft:used":{"minecraft:petrified_oak_slab":3,"minecraft:trident":2,"minecraft:netherite_sword":11,"minecraft:writable_book":2,"minecraft:enchanting_table":50,"minecraft:crimson_fence":1,"minecraft:flint_and_steel":13,"minecraft:dispenser":12,"minecraft:redstone":513,"minecraft:stripped_warped_stem":11,"minecraft:chest":15,"minecraft:ender_chest":5,"minecraft:white_shulker_box":2,"minecraft:warped_sign":46,"minecraft:quartz_stairs":11,"minecraft:netherrack":5,"minecraft:stripped_crimson_stem":5,"minecraft:dirt":19,"minecraft:soul_sand":19,"minecraft:anvil":5,"minecraft:target":3,"minecraft:hopper":8,"minecraft:prismarine_bricks":48,"minecraft:crimson_hyphae":11,"minecraft:shulker_box":4,"minecraft:blue_concrete":70,"minecraft:obsidian":1858,"minecraft:andesite_wall":1,"minecraft:shroomlight":53,"minecraft:polished_blackstone_slab":9,"minecraft:glass":5,"minecraft:wooden_axe":1,"minecraft:honey_block":2,"minecraft:sea_lantern":16,"minecraft:lava_bucket":33,"minecraft:warped_hyphae":8,"minecraft:grass_block":42,"minecraft:slime_block":47,"minecraft:warped_fence":14,"minecraft:crimson_slab":96,"minecraft:smooth_quartz":5,"minecraft:hopper_minecart":123,"minecraft:crimson_planks":43,"minecraft:barrel":7,"minecraft:bedrock":53,"minecraft:repeater":57,"minecraft:redstone_lamp":11,"minecraft:warped_stairs":28,"minecraft:iron_trapdoor":64,"minecraft:soul_soil":102,"minecraft:wolf_spawn_egg":1,"minecraft:gold_block":12,"minecraft:crimson_pressure_plate":1,"minecraft:observer":88,"minecraft:powder_snow_bucket":1,"minecraft:enchanted_golden_apple":4,"minecraft:polished_blackstone_stairs":13,"minecraft:crimson_stem":15,"minecraft:water_bucket":197,"minecraft:warped_stem":31,"minecraft:light_blue_shulker_box":2,"minecraft:dropper":7,"minecraft:elder_guardian_spawn_egg":4,"minecraft:yellow_shulker_box":4,"minecraft:ender_pearl":132,"minecraft:black_shulker_box":2,"minecraft:redstone_block":40,"minecraft:composter":4,"minecraft:beacon":1,"minecraft:conduit":2,"minecraft:glow_item_frame":2,"minecraft:polished_blackstone_pressure_plate":17,"minecraft:rail":2,"minecraft:comparator":16,"minecraft:vine":15,"minecraft:crimson_trapdoor":8,"minecraft:shulker_spawn_egg":7,"minecraft:note_block":30,"minecraft:lime_shulker_box":2,"minecraft:lingering_potion":1,"minecraft:warped_planks":90,"minecraft:redstone_torch":64,"minecraft:sticky_piston":200,"minecraft:piston":48,"minecraft:netherite_block":187,"minecraft:lever":19,"minecraft:firework_rocket":5,"minecraft:warped_trapdoor":12,"minecraft:daylight_detector":2,"minecraft:crying_obsidian":1,"minecraft:string":202,"minecraft:oak_button":2,"minecraft:stone_button":8,"minecraft:netherite_axe":30,"minecraft:detector_rail":1,"minecraft:stripped_warped_hyphae":35,"minecraft:fishing_rod":9,"minecraft:stripped_crimson_hyphae":4,"minecraft:crimson_stairs":13,"minecraft:warped_fence_gate":1,"minecraft:bucket":4,"minecraft:yellow_bed":5,"minecraft:pumpkin_pie":28,"minecraft:sea_pickle":2,"minecraft:polished_blackstone_button":16},"minecraft:killed":{"minecraft:shulker":5,"minecraft:elder_guardian":24},"minecraft:picked_up":{"minecraft:wooden_axe":4,"minecraft:redstone_block":6,"minecraft:iron_trapdoor":64,"minecraft:prismarine_shard":38,"minecraft:redstone_lamp":5,"minecraft:gold_block":64,"minecraft:blue_concrete":1,"minecraft:lapis_block":64,"minecraft:string":185,"minecraft:sticky_piston":10,"minecraft:pufferfish":1,"minecraft:sea_pickle":64,"minecraft:black_shulker_box":4,"minecraft:comparator":4,"minecraft:bucket":2,"minecraft:redstone_torch":68,"minecraft:observer":9,"minecraft:lime_shulker_box":3,"minecraft:note_block":1,"minecraft:target":4,"minecraft:shulker_spawn_egg":4,"minecraft:redstone":32,"minecraft:prismarine_crystals":12,"minecraft:andesite_wall":64,"minecraft:rotten_flesh":1,"minecraft:iron_block":64,"minecraft:warped_sign":1,"minecraft:bookshelf":64,"minecraft:white_shulker_box":1,"minecraft:obsidian":371,"minecraft:cod":17,"minecraft:wet_sponge":24,"minecraft:enchanting_table":1,"minecraft:netherite_boots":2,"minecraft:yellow_shulker_box":4,"minecraft:repeater":2,"minecraft:water_bucket":2,"minecraft:yellow_bed":4,"minecraft:dirt":1,"minecraft:glass":1,"minecraft:apple":64,"minecraft:grindstone":1,"minecraft:soul_sand":64,"minecraft:daylight_detector":1,"minecraft:lava_bucket":5,"minecraft:light_blue_shulker_box":1,"minecraft:grass_block":5,"minecraft:diamond_block":64,"minecraft:crying_obsidian":64,"minecraft:shulker_box":4,"minecraft:netherite_block":1350,"minecraft:oak_wood":64,"minecraft:lever":2,"minecraft:honey_block":64,"minecraft:polished_blackstone_button":3,"minecraft:bone_meal":3,"minecraft:hopper":5,"minecraft:shulker_shell":1,"minecraft:ender_pearl":33},"minecraft:custom":{"minecraft:inspect_dropper":17,"minecraft:mob_kills":29,"minecraft:interact_with_anvil":10,"minecraft:inspect_hopper":42,"minecraft:open_barrel":20,"minecraft:open_shulker_box":37,"minecraft:leave_game":12,"minecraft:time_since_death":9955,"minecraft:damage_resisted":500,"minecraft:sprint_one_cm":97704,"minecraft:walk_one_cm":326418,"minecraft:drop":44,"minecraft:play_time":983561,"minecraft:deaths":41,"minecraft:sneak_time":26685,"minecraft:walk_under_water_one_cm":65932,"minecraft:jump":1570,"minecraft:walk_on_water_one_cm":317980,"minecraft:total_world_time":983561,"minecraft:tune_noteblock":26,"minecraft:sleep_in_bed":11,"minecraft:time_since_rest":10021,"minecraft:open_enderchest":16,"minecraft:damage_taken":8504,"minecraft:damage_absorbed":532,"minecraft:damage_dealt":2158,"minecraft:interact_with_beacon":1,"minecraft:swim_one_cm":89905,"minecraft:fly_one_cm":4323367,"minecraft:open_chest":153,"minecraft:crouch_one_cm":28109,"minecraft:aviate_one_cm":38556,"minecraft:fish_caught":4,"minecraft:fall_one_cm":25695,"minecraft:inspect_dispenser":26},"minecraft:mined":{"minecraft:black_shulker_box":1,"minecraft:warped_wall_sign":1,"minecraft:tripwire":182,"minecraft:redstone_torch":2}},"DataVersion":2730}