{"stats":{"minecraft:killed_by":{"minecraft:player":1},"minecraft:used":{"minecraft:leather_leggings":1,"minecraft:ender_pearl":9,"minecraft:diamond_leggings":1},"minecraft:mined":{"minecraft:tripwire":1},"minecraft:custom":{"minecraft:time_since_rest":8516,"minecraft:crouch_one_cm":350,"minecraft:deaths":19,"minecraft:sprint_one_cm":29021,"minecraft:play_time":28804,"minecraft:open_enderchest":4,"minecraft:damage_taken":4760,"minecraft:walk_one_cm":43969,"minecraft:sneak_time":783,"minecraft:walk_under_water_one_cm":1066,"minecraft:jump":197,"minecraft:leave_game":2,"minecraft:time_since_death":8468,"minecraft:walk_on_water_one_cm":3026,"minecraft:total_world_time":28804,"minecraft:play_noteblock":1,"minecraft:fall_one_cm":1264,"minecraft:tune_noteblock":2,"minecraft:fly_one_cm":205514},"minecraft:picked_up":{"minecraft:diamond_leggings":1}},"DataVersion":2730}